,0
I,3425
to,1634
and,1380
the,1282
you,1189
my,895
for,838
that,751
love,721
of,718
all,557
am,525
have,515
a,507
is,500
in,491
me,393
your,322
know,317
not,315
will,314
be,306
you.,290
this,278
it,246
want,245
would,242
with,238
like,236
me.,226
I'm,212
what,211
on,202
are,186
thank,182
was,176
family,174
God,174
but,173
hope,164
sorry,154
just,150
You,146
say,142
forgive,142
To,137
can,130
going,129
Thank,129
"you,",126
as,126
don't,123
we,123
been,121
do,119
there,115
them,115
see,114
they,112
no,111
who,109
did,106
all.,105
so,102
it.,97
people,96
take,95
one,94
sorry.,94
tell,93
has,91
he,89
"family,",89
at,87
And,87
Lord,86
ask,85
here,84
The,84
out,83
find,82
or,80
get,79
family.,78
pain,77
give,77
Jesus,75
from,75
had,75
being,74
their,74
life,73
up,68
go,68
keep,67
if,66
because,66
by,66
Warden.,65
about,65
We,64
He,64
This,63
her,62
peace,62
death,61
through,61
never,61
-,60
could,60
this.,59
got,58
pray,58
when,58
"Yes,",57
always,57
them.,56
My,56
That's,55
caused,55
come,54
an,54
ya'll,54
any,54
didn't,54
loved,53
I'll,53
us,53
those,53
"me,",53
let,52
care,52
do.,51
y'all,51
It,51
only,50
If,50
done,49
peace.,49
time,49
very,49
ready,48
right,48
life.,48
everybody,48
years,47
strong.,47
I've,47
everyone,47
stay,46
some,46
over,46
good,46
Yes,46
these,46
make,45
lot,45
heart,45
Tell,45
apologize,44
ya'll.,44
wish,44
But,43
There,43
his,41
each,41
really,41
other,41
done.,41
it's,40
say.,40
day,40
can't,40
there.,39
still,39
Lord.,39
how,38
All,38
our,38
way,38
friends,38
back,37
bless,37
feel,36
nothing,36
kill,36
Take,35
Please,34
hate,34
now,34
strong,34
Mr.,34
home,34
innocent,34
love.,33
man,33
That,33
everything,33
were,33
appreciate,33
They,32
every,32
may,32
man.,32
think,32
something,32
It's,32
God.,32
things,32
truly,32
more,31
must,31
where,31
that's,31
last,30
continue,30
hurt,30
home.,30
For,29
heart.,29
bring,29
forgiveness,29
down,29
Keep,29
"all,",29
"Father,",29
Christ,29
into,29
said,28
ready.,28
did.,28
Don't,28
"life,",27
against,27
she,27
victim's,27
that.,27
too.,26
told,26
much.,26
help,26
on.,26
shall,25
much,25
made,25
"Lord,",25
believe,25
y'all.,25
move,25
put,25
doing,25
wanted,25
Give,24
"sorry,",24
better,24
him,24
"friends,",24
forgiveness.,24
here.,24
First,24
need,24
up.,23
sir.,23
Love,23
support,23
Allah,23
now.,23
ever,23
"Warden,",23
years.,23
truth,23
please,23
"Jesus,",22
Death,22
live,22
Ms.,22
people.,22
Texas,22
sure,22
statement,22
world,22
part,22
understand,21
too,21
"it,",21
"sir,",21
killed,21
When,21
killing,21
heads,21
anything,21
look,21
than,21
brothers,20
thing,20
hold,20
also,20
Thy,20
change,20
gonna,20
May,20
Be,20
Father,20
"God,",20
–,20
mean,20
won't,20
does,20
first,20
John,19
many,19
happened,19
talk,19
mercy,19
words,19
even,19
leave,19
today,19
thanks,19
though,18
support.,18
thought,18
happened.,18
great,18
stop,18
right.,18
Amen.,18
long,18
after,18
took,18
everybody.,18
two,18
No,18
closure,17
happening,17
Stay,17
coming,17
"up,",17
before,17
"this,",17
same,17
place.,17
mother,17
justice.,17
Let's,17
gave,17
taking,17
witness,17
us.,17
Let,17
again.,17
person,17
her.,17
As,17
head,17
name,17
wasn't,17
sister,17
murder,17
wrong,16
waiting,16
brought,16
time.,16
one.,16
hearts,16
everything.,16
Yes.,16
should,16
What,16
you're,16
goes,16
Christ.,16
best,16
call,16
without,16
tonight.,16
So,15
back.,15
row,15
wife,15
ones,15
die,15
came,15
Jesus.,15
kids,15
then,15
cannot,15
"death,",15
Warden,15
why,15
Heaven.,15
remember,15
hear,15
"say,",15
left,15
way.,15
else,15
I'd,15
go.,14
looking,14
beautiful,14
lost,14
spirit.,14
"ah,",14
helped,14
black,14
suffering,14
Ya'll,14
"do,",14
side.,14
learn,14
little,14
knew,14
guys,14
friends.,14
spirit,13
forever.,13
which,13
unto,13
going.,13
She,13
chance,13
anyone,13
closure.,13
given,13
off,13
wrong.,13
Now,13
showed,13
end,13
"heart,",13
O.K.,13
"know,",13
A,13
"ready,",13
real,13
His,13
rest,13
"Mom,",13
both,13
asked,13
"people,",12
Just,12
days,12
shown,12
Row,12
having,12
supporting,12
"row,",12
hard,12
forget,12
Do,12
loving,12
"said,",12
accept,12
"Christ,",12
mom,12
show,12
forgiven,12
soul.,12
"done,",12
world.,12
face,12
are.,12
someone,12
knows,12
deserve,12
well,12
Life,12
stand,12
brings,12
through.,12
bad,12
men,12
meant,12
standing,12
Y'all,12
be.,11
State,11
him.,11
thing.,11
address,11
"son,",11
glad,11
happy,11
anybody,11
Remember,11
"brother,",11
faith,11
state,11
son,11
giving,11
few,11
daughter,11
alright.,11
baby.,11
walk,11
reason,11
away,11
am.,11
"ya'll,",11
"strong,",11
able,11
know.,11
work,11
praise,11
carry,11
"them,",11
out.,11
fear,10
upon,10
"sister,",10
"peace,",10
Our,10
place,10
father,10
Today,10
sins.,10
to.,10
brother,10
Mrs.,10
Praise,10
"Allah,",10
"right,",10
system,10
myself.,10
miss,10
"world,",10
God's,10
statement.,10
"Irene,",10
"man,",10
friend,10
whole,10
In,10
around,10
comfort,10
"back,",10
"love,",10
called,10
commit,10
mad,10
One,10
innocent.,10
care.,10
matter,10
free.,10
struggle,10
loves,10
crime,10
police,10
execution,10
Thanks,10
"Well,",9
anything.,9
pain.,9
showing,9
strength,9
died,9
gone,9
ones.,9
art,9
ain't,9
send,9
Jack,9
human,9
Allah.,9
sister.,9
supported,9
forward.,9
Chaplain,9
nothing.,9
best.,9
prison,9
families,9
Mom,9
point,9
letter,9
thy,9
come.,9
went,9
"mom,",9
three,9
kingdom,9
"there,",9
past,9
murder.,9
guess,9
own,9
today.,9
trying,9
--,9
"y'all,",9
good.,9
worry,9
other.,9
over.,9
"that,",8
loss,8
soul,8
use,8
doesn't,8
taken,8
allowed,8
express,8
used,8
"Holy,",8
tonight,8
row.,8
again,8
toward,8
kids.,8
"today,",8
none,8
is.,8
tried,8
lay,8
guilty,8
die.,8
Go,8
true,8
lynching,8
such,8
isn't,8
"here,",8
bad.,8
brother.,8
mine,8
crime.,8
big,8
can't.,8
Not,8
behind,8
mistake,8
Forgive,8
name.,8
shot,8
father.,8
extend,8
anyone.,8
earth,8
lie,8
Mama,8
kind,8
understand.,8
Heavenly,8
Thou,8
ye,8
touch,8
"everybody,",8
free,8
sisters,8
written,8
putting,8
Father.,8
happen,8
"her,",8
power,8
truth.,8
"again,",8
"holy,",8
needs,8
justice,7
save,7
precious,7
"years,",7
"brothers,",7
raised,7
lives,7
dead.,7
praying,7
fight.,7
convicted,7
"father,",7
parents,7
confess,7
fight,7
full,7
next,7
guys.,7
children.,7
telling,7
have.,7
found,7
glory,7
means,7
changed,7
you've,7
together,7
Even,7
"innocent,",7
eyes,7
ahead,7
later.,7
evil,7
children,7
sins,7
body,7
watch,7
prove,7
Mary,7
See,7
act,7
couldn't,7
saying,7
trial,7
Because,7
speak,7
soon.,7
committed,7
prayer,7
day.,7
daily,7
America.,7
me;,7
locked,7
"is,",7
There's,7
makes,7
special,7
deliver,7
"too,",7
final,7
cause,7
Donna,7
regret,7
words.,7
myself,7
help.,7
death.,7
"ones,",6
long.,6
goodbye,6
house,6
house.,6
finished.,6
merciful,6
nobody,6
allow,6
blessing,6
later,6
freedom,6
yourself.,6
grief,6
Heaven,6
responsibility,6
Bobby,6
watching,6
blessed,6
opportunity,6
proud,6
"go,",6
mom.,6
sentence,6
return.,6
heaven.,6
someday,6
reach,6
we're,6
"temptation,",6
needed,6
friend.,6
involved,6
gives,6
Your,6
ways,6
pass,6
sin,6
Boswell,6
Everything,6
under,6
society,6
sorrow,6
daughter.,6
probably,6
family:,6
dearly.,6
Bye,6
case,6
another,6
hatred,6
"Heaven,",6
fine.,6
gain,6
"First,",6
times,6
"mean,",6
let's,6
Michael,6
ago,6
somebody,6
beside,6
past.,6
faith.,6
real.,6
lawyers,6
together.,6
"wife,",6
strength.,6
responsible,6
court.,6
suffering.,6
spiritual,6
officers,6
realize,6
(Spanish),6
received,6
James,6
supposed,6
angry,6
fixing,6
please.,6
press,6
especially,6
not.,6
Polunsky,6
With,6
bitterness,6
yourselves.,6
until,6
promise,6
respect,6
Him.,6
meet,6
Get,6
Look,6
(Spoken:),6
"thing,",6
"one,",6
yall.,6
David,6
moment,6
trial.,6
Make,6
faithful,5
"Momma,",5
future,5
green,5
tears,5
marching,5
murdering,5
blessings,5
read,5
lead,5
members,5
Christian,5
listen,5
"tonight,",5
Reverend,5
wonderful,5
statement),5
"die,",5
"forgiveness,",5
"kids,",5
towards,5
"everyone,",5
Irene,5
Romans,5
Mom.,5
blame,5
poor,5
hurting,5
paid,5
set,5
ever.,5
mother.,5
explain,5
evil.,5
remorse,5
talking,5
close,5
"Dad,",5
From,5
goodbye.,5
Sorry,5
dying,5
Did,5
public,5
King,5
since,5
comes,5
"heaven,",5
drug,5
Bless,5
asking,5
pay,5
blood,5
sleep,5
follow,5
"now,",5
hearts.,5
presence,5
witnesses,5
child.,5
fact,5
wrote,5
At,5
enough,5
Can,5
penalty,5
someday.,5
"mother,",5
victims,5
night,5
Almighty,5
Like,5
Robert,5
"myself,",5
moratorium,5
more.,5
Everybody,5
Continue,5
beat,5
heaven,5
country,5
mistakes,5
Steve,5
mine.,5
lived,5
West,5
yours.,5
hands,5
"sins,",5
prayed,5
leadeth,5
fighting,5
throughout,5
attorneys,5
born,5
sooner,5
try,5
wait,5
"come,",5
for.,5
heard,5
what's,5
saw,5
getting,5
start,5
gets,5
want.,5
stood,5
eye,5
cry,5
happiness.,5
law,5
in.,5
woman,5
Grace,5
anger,5
"""I",5
lives.,5
crying,5
once,5
ride.,5
keeping,5
letter.,5
type,5
bear,5
"Cox,",5
deal,5
wake,5
Officer,5
son.,5
suffer,5
Texas.,5
solve,5
"Please,",4
hurts,4
caused.,4
seeing,4
me?,4
already,4
end.,4
"daughter,",4
executed,4
thinking,4
met,4
Eardmann,4
"out,",4
divine,4
"things,",4
bye,4
"about,",4
most,4
clear,4
receive,4
wouldn't,4
oil;,4
during,4
worth,4
touched,4
young,4
"O.K.,",4
"power,",4
prison.,4
Goodbye.,4
evil;,4
"name,",4
although,4
pastures;,4
example,4
false,4
behalf,4
known,4
",",4
Thomas,4
sorry;,4
church,4
talked,4
sake.,4
"daughters,",4
"goodbye,",4
Ain't,4
new,4
"on,",4
gone.,4
forever,4
grace,4
prosecutor,4
trespass,4
Veronica,4
supporters,4
10,4
things.,4
demand,4
ran,4
ya.,4
"to,",4
light,4
just.,4
night.,4
attorney,4
14,4
about.,4
America,4
"Mama,",4
24,4
helping,4
"Okay,",4
"but,",4
dwell,4
forgiven.,4
"children,",4
momma,4
"time,",4
Asdadu,4
gotta,4
due,4
Those,4
began,4
"Yea,",4
seek,4
executing,4
cup,4
old,4
commit.,4
says,4
lied,4
hand,4
cry.,4
nieces,4
while,4
"penalty,",4
bottom,4
everyone.,4
forgives,4
ah,4
wall,4
Gene,4
spoke,4
prayers.,4
lot.,4
thou,4
Why,4
experience,4
trust,4
gift,4
Blessed,4
folks,4
O.K.?,4
"happy,",4
"way,",4
friendship,4
Richard,4
table,4
DNA,4
short,4
yourself,4
friendship.,4
honor,4
taste,4
saying.,4
Gomez,4
stopped,4
ok.,4
bury,4
Tonight,4
American,4
friends;,4
hate.,4
anger.,4
between,4
with.,4
"Son,",4
bringing,4
execute,4
surely,4
you'll,4
"soul,",4
"Jack,",4
apology,4
"Mindy,",4
dad,4
Him,4
protect,4
country.,4
maybe,4
losing,4
power.,4
body.,4
(Written:),4
forward,4
return,4
Dear,4
Ray,4
"cry,",4
"Ah,",4
gun,4
sake,4
Son,4
Kathy,4
capital,4
guilty.,4
leaving,4
them;,4
valley,4
evidence,4
shadow,4
spent,4
"did,",4
foremost,4
takes,4
gotten,4
beyond,4
disappointed,4
said.,4
We're,4
nor,4
forced,4
mind,4
By,4
down.,4
preparest,4
whatever,4
charge,4
will.,4
attorney.,4
OK.,4
cost,4
trouble,4
"Goodbye,",4
living.,4
deeply,4
write,4
letting,4
upset,3
testimony,3
(English),3
at.,3
They've,3
better.,3
join,3
anybody.,3
longer,3
"Texas,",3
Supreme,3
daddy,3
injustice.,3
hunting,3
"society,",3
endured,3
paying,3
turn,3
walked,3
victims',3
different,3
saving,3
"Corey,",3
August,3
video,3
Savior,3
aunt,3
Only,3
break,3
brief,3
Oh,3
"nephews,",3
provided,3
become,3
grave,3
first.,3
yours,3
"Danny,",3
eternal,3
'cause,3
Justice,3
carrying,3
might,3
"letter,",3
okay.,3
revenge,3
Know,3
thine,3
restoreth,3
alright?,3
altered,3
accident.,3
test,3
Price,3
present,3
hell,3
"I,",3
we've,3
thankful,3
"victims,",3
yet,3
shoot,3
positive,3
"Johnson,",3
"so,",3
roll,3
careful.,3
perfect.,3
across,3
defense,3
"Hallelujah,",3
important,3
paths,3
job.,3
"pain,",3
cold-blooded,3
soon,3
punishment,3
"hurt,",3
Cadena,3
mistakes.,3
least,3
"end,",3
Through,3
laugh,3
present.,3
"Maurie,",3
case.,3
Dr.,3
answers.,3
surrender,3
momma.,3
making,3
sent,3
lift,3
Goodbye,3
road,3
Randy,3
You're,3
"happened,",3
"So,",3
"kingdom,",3
proceed,3
life;,3
others,3
"strength,",3
name's,3
Crazy,3
te,3
feelings,3
order,3
Islam.,3
genocide,3
"John,",3
forgiving,3
see.,3
situation,3
March,3
treat,3
its,3
sad,3
maketh,3
"Jenny,",3
hoping,3
"anyone,",3
"eyes,",3
ago.,3
saved,3
itself.,3
"Now,",3
victim,3
fought,3
"yours,",3
several,3
alive.,3
tragedy.,3
poem,3
else.,3
"Hey,",3
blessing.,3
waters.,3
"wrong,",3
"No,",3
penalty.,3
Surely,3
incident,3
bread,3
regrets,3
completely,3
girls,3
"Oh,",3
fear.,3
official,3
tragedy,3
damn,3
"ago,",3
"Doreen,",3
court,3
innocence.,3
problem,3
"process,",3
Irene.,3
"Joey,",3
"prayer,",3
imagine,3
point.,3
Jones,3
"supporters,",3
stuff.,3
thats,3
child,3
decisions,3
saved.,3
respect.,3
work.,3
all;,3
Okay,3
actually,3
situation.,3
People,3
moving,3
lots,3
Ask,3
'em,3
horrible,3
Row.,3
shine.,3
Mexican,3
"home,",3
rights.,3
hands.,3
hug,3
solace,3
Pinkerton,3
Jones.,3
died.,3
media.,3
Adams,3
wife.,3
coming.,3
wonderful.,3
finished,3
trigger.,3
Holy,3
"Sandy,",3
"momma,",3
personal,3
suffered,3
matters,3
happen.,3
anymore.,3
cherish,3
dad.,3
Gary,3
Yeah.,3
begin,3
Woe,3
he's,3
ba,3
it?,3
courts.,3
till,3
"evil,",3
remind,3
sleep.,3
"dad,",3
there's,3
forgive.,3
Are,3
Matt,3
always.,3
salvation,3
"uh,",3
rejoice,3
monster,3
self,3
cases,3
"house,",3
Uncle,3
Well,3
"child,",3
actions,3
believes,3
record,3
half,3
actions.,3
peace;,3
turned,3
beautiful.,3
dear,3
Nothing,3
Okay?,3
mistake.,3
"good,",3
"why,",3
"execution,",3
"Yeah,",3
would.,3
loss.,3
equal,3
prophet,3
"Jennifer,",3
open,3
soul;,3
smile,3
"mercy,",3
Rosalyn,3
runneth,3
testify,3
TDCJ,3
"system,",3
returns,3
belong,3
ahead.,3
girl.,3
Bless.,3
Anthony,3
smiling.,3
greatest,3
side,3
"Lastly,",3
"else,",3
"But,",3
Ok.,3
anointest,3
honor.,3
Hold,3
kindness,3
goodness,3
above,3
Taylor,3
lies,3
"justice,",3
single,3
"Joe,",3
mad.,3
"support,",3
they'll,3
hollered,3
innocence,3
became,3
undo,3
inmates,3
happy.,3
hallowed,3
another.,3
holy,3
"faith,",3
"side,",3
helps,3
forgave,3
officer,3
Written:,3
dog.,3
hereby,3
file,3
wants,3
miracle.,3
sons,3
"Kathy,",3
had.,3
you;,3
necessary.,3
kept,3
stuff,3
accepted,3
can.,3
yourselves,3
released,3
process,3
chapter,3
family's,3
within,3
victory,3
truck,3
brothers.,3
fathers,3
commend,3
"Mexico,",3
sincere,3
Pope,3
enemies;,3
Brother,3
person.,3
forgotten.,3
letters,3
phone,3
"nobody,",3
Since,3
Williams,3
well.,3
"care,",3
veins,3
nice,3
minutes.,3
On,3
Everyone,3
alone.,3
"Walsh,",3
"nothing,",3
Robinson,3
party,3
grateful,3
journey.,3
"made,",3
Lord's,3
arms,3
sometime,3
fall,3
Sister,3
does.,3
sincerely,3
appeals.,3
job,3
along,3
late.,3
guilt.,3
"judge,",3
worked,3
executions.,3
boy,3
"suffered,",2
"grandmother,",2
Without,2
Back,2
nation,2
bed.,2
"Cori,",2
"girl,",2
North,2
understand),2
gong,2
"Arthur,",2
David.,2
testified,2
deceased.,2
biggest,2
teenagers,2
13,2
patience,2
shots,2
"in,",2
answer,2
affected,2
ALLAH's,2
"Allison,",2
harbor,2
cast,2
lady,2
punished,2
family;,2
correct?,2
"Susan,",2
neither,2
Harris,2
pull,2
mighty!,2
Carolyn,2
"flesh,",2
Bob,2
including,2
known.,2
sticking,2
Clay,2
taken.,2
"Bye,",2
injustice,2
grew,2
serious,2
own.,2
Pam.,2
Over,2
opened,2
"innocence,",2
ultimate,2
pump,2
Whiteside,2
nobody.,2
crimes,2
shared,2
"Um,",2
anyway.,2
also.,2
ill,2
revolution,2
represent,2
"please,",2
Carol,2
what.,2
so.,2
Sankofa.,2
fight;,2
"J,",2
assured.,2
difference,2
"live,",2
"well,",2
judge,2
missing,2
execution.,2
Marissa,2
forgot,2
oh,2
Unites,2
Mitchell,2
was.,2
These,2
"nieces,",2
anna,2
Donovan,2
records,2
Help,2
apology.,2
happy?,2
off.,2
"free,",2
"Paul,",2
Sanchez,2
Many,2
(Statement,2
paradise.,2
lawyer,2
throne.,2
"mind,",2
names,2
owe,2
broke,2
policeman,2
Maricela,2
kid,2
angel.,2
wages,2
inflicted,2
"OK,",2
"him,",2
"America,",2
"suffering,",2
"what,",2
judicial,2
message,2
confession,2
"um,",2
"Rusty,",2
involvement,2
Magee,2
"Celina,",2
"happens,",2
Unit,2
Hawthorn,2
compared,2
"Linda,",2
quiero,2
Chris,2
trespasses,2
courtesy,2
fashion,2
(couldn't,2
cases.,2
Attorney,2
"other,",2
Savior.,2
whether,2
hurting.,2
bunch,2
grown,2
poison,2
deep,2
Scott,2
view,2
"Michael,",2
Shaka,2
"trespasses,",2
"instances,",2
"together,",2
supporters.,2
properly,2
"not,",2
bump,2
cousins.,2
"Scott,",2
Especially,2
"(unintelligible),",2
Rasul,2
wronged,2
law.,2
Davis,2
presented,2
lethal,2
this;,2
kin,2
Chief,2
"off,",2
instead,2
beg,2
killer,2
Lead,2
wrote.,2
empty,2
"Roxanne,",2
wrongs.,2
la,2
possible.,2
short.,2
acted,2
affording,2
seek.,2
"tongues,",2
"everything,",2
executed.,2
sometimes,2
"James,",2
Viva,2
huh.,2
"trial,",2
"Doug,",2
"something,",2
seem,2
shepherd;,2
international,2
haven't,2
fell,2
months,2
family.),2
pen,2
"hearts,",2
"reason,",2
"crime,",2
"help,",2
lie.,2
"grave,",2
"Lopez,",2
Bye.,2
Teresa,2
Joanna,2
journey,2
"truly,",2
sanctioned,2
"fine,",2
voice,2
ya,2
society.,2
"guys,",2
book.,2
"be,",2
disappointment,2
almighty,2
misery,2
word,2
illegally,2
"transcripts,",2
"belong,",2
experience.,2
dust,2
racist,2
line,2
government,2
shine,2
enough.,2
"husband,",2
rod,2
account,2
killer.,2
lose,2
vengeance,2
all:,2
kiss,2
Susan.,2
Three,2
Arnott.,2
"first,",2
learned,2
Mexico.,2
beginning.,2
personal.,2
wrongs,2
Holy.,2
Graves,2
sides,2
one-eyed,2
stuck,2
bitter,2
"Court,",2
proud.,2
Christ;,2
joy,2
protest,2
officials,2
Dawn,2
united.,2
singing),2
"Man,",2
Shed,2
whoever,2
Barbara,2
understanding.,2
kills,2
Trinity.,2
problems,2
Amy's,2
teaching,2
invite,2
Corinthians,2
"apology,",2
trouble.,2
Hell.,2
away.,2
mourn,2
saddened,2
Much,2
Amen,2
celebrate,2
high.,2
"stronger,",2
"Betty,",2
"anything,",2
"the,",2
"Daniel,",2
Fight,2
Isn't,2
Cause,2
rock,2
"Peace,",2
prevail.,2
Whenever,2
relief.,2
Statement:),2
"pray,",2
New,2
"families,",2
mass,2
"Brent,",2
welcome,2
deepest,2
list.,2
then.,2
treated,2
himself.,2
"Unit,",2
setting,2
Robin,2
deserve.,2
"knowledge,",2
days.,2
dungeon,2
sign,2
"state,",2
"Tammy,",2
holy!,2
saint.,2
all?,2
memory,2
Hart,2
100,2
play,2
fixed.,2
parents.,2
behind.,2
harder,2
believe.,2
they've,2
"day,",2
energy,2
marching.,2
fix,2
cross.,2
baby,2
Pray,2
others.,2
Bear,2
Chris.,2
totally,2
chief,2
now:,2
"Webb,",2
liberation,2
Who,2
"have,",2
Walsh,2
now!,2
wiped,2
face.,2
"with,",2
appeal,2
owed,2
violent,2
"part,",2
1st,2
overcome,2
facts,2
"Spirit,",2
Lubbock,2
knowledge,2
finite,2
hour.,2
niece,2
County,2
Jerry,2
offended,2
confessed,2
Hell,2
filled,2
choices,2
"Francis,",2
alright,2
prayer.,2
parent,2
felt,2
swear,2
moments,2
Carlos.,2
"started,",2
"dearly,",2
husband,2
following,2
hardest,2
member.,2
"happen,",2
District,2
car,2
booger,2
Family:,2
Never,2
breath.,2
race,2
grace.,2
Nicholas,2
seen,2
true.,2
"1,",2
hopes,2
charged,2
apologize.,2
Warden...,2
"school,",2
someone.,2
"witnesses,",2
"pop,",2
shalt,2
While,2
devil,2
all's,2
white,2
warden.,2
"alright,",2
deserved,2
Rosalyn's,2
compassion,2
Alright,2
"Kim,",2
"killed,",2
wrongfully,2
Say,2
refuse,2
dealer,2
African,2
"forgive,",2
OK;,2
"evidence,",2
fair,2
righteousness,2
"baby,",2
particular,2
"11,",2
bless.,2
Joe,2
Momma.,2
practice,2
"anybody,",2
Rhodes,2
ease,2
subpoena,2
"Christine,",2
correctly.,2
hang,2
disappoint,2
awake,2
newspaper.,2
omitted,2
heals,2
family?,2
remains,2
form,2
thoughts,2
Penalty,2
ya'lls,2
destroyed,2
bear.,2
(Written,2
Carlos,2
"Mary,",2
"Andy,",2
Muhammadan,2
"""God",2
doing.,2
Weis,2
"kill,",2
murdered,2
Name.,2
outrage,2
shooting,2
safe,2
wonder,2
second,2
shed,2
harm,2
sentence.,2
birthday.,2
closer,2
"promise,",2
article,2
Marcus,2
committed.,2
be:,2
raped,2
doubt,2
falsified,2
whom,2
15,2
joy.,2
punish,2
GOD,2
happiness,2
sending,2
"heartache,",2
mi,2
"grace,",2
"fighting,",2
Satan,2
humanity.,2
"somebody,",2
We'll,2
malice,2
"record,",2
After,2
"Laura,",2
lying,2
Mike,2
expressed,2
"Renee,",2
peaceful,2
You've,2
forgotten,2
proof,2
Come,2
"Persons,",2
warden,2
hero.,2
money.,2
Here,2
eight,2
worse,2
jury.,2
suit.,2
"point,",2
cover,2
comes.,2
burden,2
couple,2
Hi,2
cruel.,2
worst,2
States,2
"truth,",2
convict,2
greater,2
messed,2
added,2
Daddy,2
book,2
Some,2
enemies.,2
fire,2
2,2
Capital,2
"patient,",2
beginning,2
denied,2
Jack.,2
"Kenney,",2
Hey,2
deceive,2
tapes,2
Texans,2
Lambert.,2
both.,2
"Sean,",2
room.,2
"testimony,",2
"Today,",2
"Maria,",2
"Mother,",2
"lawyers,",2
"earth,",2
hello.,2
"Gloria,",2
relief,2
grandchildren.,2
alive,2
could.,2
transition.,2
seven,2
Into,2
made.,2
gladly,2
"Mike,",2
Jung,2
Houston,2
whose,2
unable,2
despite,2
robbery.,2
"building,",2
Paul,2
King.,2
"Ashlee,",2
mumbling),2
judgment,2
possibly,2
only.,2
"would,",2
they're,2
hugs.,2
easy,2
(Spoken,2
Dan,2
"Muslim,",2
Penalty.,2
14:27.,2
memorize,2
promises,2
baby.I,2
Right?,2
happens,2
L.,2
"Allen,",2
You.,2
becomes,2
Aunt,2
animosity,2
"Alba,",2
Watch,2
Anne,2
Graham.,2
Mama.,2
"yourself,",2
"itself,",2
Hallowed,2
believing,2
Dios,2
30,2
Morgan,2
population,2
avenged.,2
run,2
song,2
promise.,2
dope,2
"Joanna,",2
Sabrina.,2
Bill,2
afforded,2
worry.,2
hollow,2
"Jane,",2
"Rebecca,",2
"Brad,",2
vain.,2
"attorneys,",2
"Nancy,",2
sinner,2
illa,2
live.,2
how.,2
"Uh,",2
Find,2
Is,2
Al,2
bitterness.,2
"Tom,",2
Couple,2
who's,2
Pastor,2
"Hello,",2
intended,2
okay?,2
"forward,",2
eyes?,2
earth.,2
Alright.,2
Verily,2
"Barbara,",2
"Dianne,",2
Thats,2
bro.,2
hair,2
dying.,2
saying?,2
(Spanish,2
"angel,",2
determine,2
"Michelle,",2
Hate,2
offer,2
evidence.,2
media,2
four,2
"hands,",2
nice.,2
Judy,2
community.,2
pretty,2
terribly,2
placed,2
chooses,2
win.,2
seconds,2
"Dow,",2
counts,2
prophets.,2
NOT,2
taught,2
figure,2
leads,2
Connie,2
"words,",2
future.,2
agree,2
Most,2
California,2
(unintelligible).,2
rid,2
Brenda,2
ministry.,2
allowing,2
feels,2
"someone,",2
believed,2
civilized,2
infinite.,2
created,2
"murders,",2
fellows,2
works,2
guilt,2
victim.,2
knowing,2
something.,2
"Row,",2
uphold,2
pillar,2
ilah,2
Before,2
error,2
granted,2
rush,2
tied,2
names.,2
yall,2
Nov,2
behold,2
1,2
before.,2
Earth.,2
&,2
"Melyssa,",2
Roger,2
grant,2
"importantly,",2
command,2
bullet,2
murderer.,2
father's,2
stole,2
nine,2
"Wilcox,",2
committing,2
of.,2
dishonor.,2
crooked,2
unjust,2
queen.,2
satisfaction,2
"blessing,",2
Me,2
unity,2
rejoices,2
bread.,2
"away,",2
seat,2
Frank,2
Stop,2
"glory,",2
surprised,1
(pauses),1
plenty,1
guiding,1
"Spark,",1
informed.,1
forgiveness;,1
ache.,1
reward,1
gas.,1
senseless.,1
Flight,1
physically,1
bestow,1
prostitute,1
"Testament,",1
persecuted,1
easily,1
much!,1
we'll,1
(garbled),1
lack,1
"less,",1
"self-seeking,",1
JUSTICE,1
anointeth,1
paths.,1
Watkins,1
"prophecy,",1
scene,1
Her,1
lifetime,1
"Synnova,",1
Youth,1
Shakespearean,1
graced,1
far,1
'79,1
judging.,1
Gustav's,1
Jamie,1
broke.,1
mind...For,1
devastated,1
harming,1
Rosenbaum,1
productive,1
"Bakers,",1
state?,1
"Aaron,",1
sky,1
lied.,1
Edgardo;,1
approach,1
Thompson,1
"lawyer,",1
jurors,1
ups,1
(Unintelligible),1
J.D.'s,1
walks,1
cemetery.,1
Yolanda,1
"conclusion,",1
get.,1
11,1
three:,1
"boss,",1
Politicians,1
Adam.,1
attacked.,1
sis.,1
Pull,1
instrument,1
oneself,1
helps.,1
offend,1
fantasy.,1
"7,",1
Rocky,1
16,1
delivery,1
statement:,1
mic,1
(Vietnamese,1
"Billy,",1
motives,1
recovered,1
US,1
deaf,1
turned.,1
During,1
"Sherrod,",1
murdered.,1
second.,1
"revenge,",1
idle,1
"pals,",1
unforgivable,1
Jennie,1
Clayton?,1
bedroom.,1
world.We,1
starting,1
Fort,1
greatest.,1
thing's,1
Carl,1
"cross,",1
fired,1
counseling,1
business,1
drugs.,1
relatives,1
Cuida,1
ground.,1
baby;,1
remember.,1
punished.,1
[illegible],1
headed,1
(To,1
rebut,1
Mohammad.,1
Mother.,1
"Mom""",1
"Kira,",1
decision;,1
Sara,1
"grief,",1
"Amenia,",1
"Ernest,",1
ourselves,1
embrace,1
wins,1
Could,1
[by],1
lets,1
Poem:,1
E.,1
minutes,1
ripened,1
"woman,",1
brag,1
now?,1
5:8:,1
Nuns,1
(GOD),1
"gates,",1
"Constitution,",1
remain,1
Powell…,1
Shay,1
(more,1
Nell,1
places,1
discomfort,1
Same,1
follow.,1
numbers.,1
"this.""",1
sinner.,1
threats.,1
"Chelsea,",1
pit,1
"Walker,",1
Lopes,1
McBride.,1
"remember,",1
ago;,1
Danny,1
concern,1
debt,1
"Secondly,",1
God;,1
"hey,",1
hit,1
Start,1
Sullivan,1
"lives,",1
Angelo.,1
"Morgan,",1
soft,1
"his,",1
fellowship,1
"Sonny,",1
Does,1
"Black,",1
"strange,",1
facts.,1
ahh.,1
Marcy.,1
righeousness,1
singing:,1
translating,1
officer.,1
lifelong,1
Sputnick,1
"kisses,",1
"PEOPLE"".",1
remembers,1
"Barker,",1
wall--I,1
understand.),1
contradict,1
"LORD,",1
princess,1
"Chiara,",1
sit,1
sky.,1
acts.,1
"Turner,",1
dungeon.,1
Honestly,1
loud.,1
"community,",1
errors.,1
T.D.,1
"boy,",1
I.,1
force,1
voice.,1
creating,1
"said,)",1
"South,",1
Frank:,1
Mistakes,1
"minimum,",1
Katherine,1
"drugs,",1
sisters.,1
John3:36:,1
Kjersti.,1
calmness,1
part;,1
drowned,1
smiles,1
Granny.,1
directed,1
warmest,1
"loud,",1
"Wherefore,",1
existing,1
CDL,1
"dying,",1
autumn,1
Kyle;,1
hatred.I,1
shield,1
(He,1
Abrahams,1
preparing,1
dad;,1
1991.,1
Police,1
act.,1
catacombs,1
"""an",1
realizing,1
treasure,1
specific,1
wealth,1
Dow;,1
"thee,",1
perseveres.,1
rebate,1
"you.""",1
hour,1
"Nadia,",1
chance.,1
magnificent,1
here:,1
"body,",1
Connie.,1
"Leo,",1
participating,1
material,1
Luttig,1
lays,1
Earth,1
parents;,1
"beautiful,",1
"Abul,",1
"straight,",1
"Sheila,",1
experiences,1
"Jennie,",1
Neal:,1
boy!,1
"Franciscan,",1
repentant.,1
Either,1
debtors.,1
everybody's,1
jonesin,1
Mama's,1
bit,1
"Sara,",1
"stupidity,",1
joke,1
"Life.""",1
Clayton,1
Merka,1
ear,1
"5'7"".",1
sadness.,1
Ruben,1
cell,1
"reviewed,",1
persecute,1
himself,1
back?,1
Rise,1
"comes,",1
Tom,1
guilty;,1
back.I,1
"Mijta,",1
Mandela.,1
Guy,1
"Neckbone,",1
Sometimes,1
"DNA,",1
laid,1
"God.""",1
state.,1
Week,1
"takes,",1
stone,1
fault.,1
Wildflower:,1
"Bohannon,",1
inside,1
thirty,1
FBI,1
guidance;,1
pain:,1
Annie.,1
"Marsha,",1
here…Lester,1
ongoing,1
"transgressions,",1
"Family,",1
population.,1
given.,1
intentionally,1
"sure,",1
Peter,1
rendered,1
"beloved,",1
dozen,1
"others,",1
plan,1
shouldn't,1
bathroom,1
safer,1
sells,1
"""Blessed",1
"Corinthians,",1
"Consulado,",1
"suicide,",1
l,1
Willy,1
Darling,1
tired.,1
forgiver.,1
"afraid,",1
Little,1
"sons,",1
"Juanita,",1
police.,1
politicians,1
1983.,1
truthfulness.,1
"Dolatschko,",1
boys,1
6,1
"Luis,",1
too;,1
"angered,",1
thier,1
Bible,1
Jim,1
(Written),1
"100,",1
"Bivins,",1
"Ken,",1
"veins,",1
Walker.,1
kitten.,1
environment,1
"own,",1
"Carla,",1
investigator.,1
"very,",1
Earline,1
"inside,",1
money,1
"deep,",1
fellas,1
"breathe,",1
"angry,",1
heartache.,1
loose,1
Flake,1
"Chong,",1
Have,1
imperfect,1
"Shan,",1
dismiss,1
Joseph's,1
"you,""",1
Eve,1
alcohol,1
Modina,1
regarding,1
"bros,",1
"Damen,",1
Bill.,1
again:,1
healing,1
"Sharon,",1
Coretta,1
Singh,1
"fear,",1
dead,1
Tracy,1
"mike,",1
shoes,1
undertaker.,1
weep,1
"liberation,",1
thousand,1
reacted,1
asleep.,1
"Sarah,",1
vocabulary.If,1
(unintelligible),1
Walt.,1
Jennifer.,1
bidder.I,1
Slavery,1
talked.,1
borderline,1
case;,1
sad.,1
deliberately,1
gun.,1
systematic,1
celebrating,1
Law,1
"Samantha,",1
individually,1
thick,1
path,1
"Tell,",1
"unfortunate,",1
"Sharpton,",1
difficult,1
"2000,",1
Eloise.,1
lesson.,1
"Ros,",1
records.,1
grain.,1
"Melissa,",1
unit.,1
"beatitudes,",1
chosen,1
foreign,1
"there.""Seeing",1
December,1
mandas,1
related,1
"Hart,",1
Peterson,1
investigate,1
America's,1
health.,1
General's,1
"events,",1
changes.,1
that;,1
desired,1
"Ingram,",1
Until,1
Perhaps,1
freaky,1
ya'll;,1
ineffective,1
uncles,1
happened;,1
compromise,1
Shiveya,1
Hawkings',1
restores,1
change.I,1
"line.Bob,",1
Nelson,1
humans,1
Michigan.,1
Maintain,1
Spanish:,1
morning,1
resolved,1
twenty,1
Begins,1
garbled.),1
methamphetamine.,1
"Martin,",1
contigo,1
poem)),1
Jessica,1
Myself,1
have…,1
Ten,1
honey.,1
Holmes:,1
Sending,1
"chant,",1
Mohammed.,1
immaturity.,1
actively,1
England,1
mattered.,1
Chaplain.,1
direction,1
tennis,1
Allow,1
surviving,1
cause.,1
Hazelwood,1
"quiet,",1
killing.,1
What.,1
guided,1
verify,1
taking.,1
"Sister,",1
"actions,",1
angel's,1
"Hector,",1
Ellis,1
English.,1
man's,1
times.,1
fathom,1
minds.,1
brother-in-laws,1
prayer:,1
stupid,1
Noemi.,1
peoples',1
JoAnn,1
undone.,1
"Sorry,",1
"Al,",1
"bread,",1
Katrina,1
running.,1
rose,1
accountable,1
"Wheat,",1
meeting,1
Alba,1
overwhelming,1
Foster,1
Than,1
Jose,1
"Lilia,",1
holidays,1
East,1
Medical,1
obey,1
Andre,1
Gerald:,1
"Farooq,",1
suppressed,1
grave.,1
Jake,1
guards,1
ah.,1
Hawthorn's,1
forced.,1
Ware,1
shameful,1
Guajardo,1
"folks,",1
III,1
"changes,",1
though.,1
"exposed,",1
sincerity,1
endure.,1
"Wilson,",1
"""please",1
"after,",1
possession,1
"fight,",1
3:16:,1
government.,1
pepper,1
Torres,1
D'Reehcer,1
Hewitt,1
grandmother,1
scream,1
"Ursula,",1
"amigos,",1
deleted],1
Dell,1
period.,1
determined,1
Hall.,1
invested,1
Gods,1
great.,1
Hallelujah.,1
molest,1
create.That,1
messenger,1
Lorrell.,1
1:19:,1
Donahue,1
"Velasquez,",1
caring,1
system.I'm,1
advisor,1
"Ayers,",1
car.,1
cease.,1
Travis,1
acknowledge,1
"2003,",1
Dre,1
?,1
reformatory,1
active.,1
needles,1
Ros.,1
"Bianca,",1
doubts,1
copy.,1
shedding,1
"sinners,",1
stilled;,1
qualified,1
creature,1
Tony,1
"remorse,",1
Mithas,1
Chico,1
"savior,",1
Almighty;,1
Cathy,1
"grandpas,",1
unbecoming;,1
"Edie,",1
damned!,1
"thin,",1
conviction,1
arrival.,1
Solano,1
"battle,",1
Thine,1
hours.,1
"memories,",1
small.,1
defense.,1
"grandbabies,",1
answers,1
"Bobby,",1
"Kehler,",1
Process,1
hopefully,1
acknowledged,1
staying,1
Mexican's,1
Cowboys!,1
graciously,1
Holder.,1
gained,1
Danny.,1
plead,1
Court.,1
careful,1
"attorney,",1
"provoked,",1
"Authority,",1
share,1
signature,1
decision.,1
tight,1
handcuffed,1
Damien's,1
mercy.,1
Rodriguez,1
Falicia,1
definitely,1
seems,1
reflex,1
Gracie,1
alike,1
burns,1
"Nicole,",1
there's.,1
Ali,1
(singing),1
Oth,1
"murder,",1
sold,1
there?,1
unintelligible,1
Fernandez.,1
Somebody,1
shoe,1
printed,1
incarceration,1
downtown.,1
[Remaining,1
"look,",1
Synnova,1
Ernest,1
"injustice,",1
II,1
cried,1
chump.,1
rind,1
closeness,1
Adonya.,1
"leave,",1
"mother-in-law,",1
beatings.,1
"easy,",1
Peters.,1
remuneration.,1
"""Justice",1
Carl.,1
monkey.,1
C.,1
solid,1
Palm,1
spin,1
pure,1
track,1
Honor,1
Thornton,1
violence.,1
"Teach,",1
come...,1
"Him,",1
criminal.,1
compelling,1
remembered.,1
Ronald,1
belonged,1
jumped,1
Dad.,1
Support,1
Kent,1
"writing,",1
"parents,",1
priceless.,1
Sims,1
same.,1
ideals.,1
causing,1
outlaw,1
amended,1
wholeheartedly,1
Misty,1
mother.),1
conviction.,1
stunt,1
devout,1
destroying,1
Doug.,1
nightmare,1
cool.,1
played,1
realized,1
Skains,1
Nighty,1
"mama,",1
string,1
Jackson.,1
(First,1
AMERICAN,1
Mark,1
"tradition,",1
remorseful,1
voices,1
happened.I,1
as),1
Cruz,1
flag,1
"Carrier,",1
Dawson,1
ride,1
"fired,",1
"Rick,",1
September,1
"knows,",1
happens.,1
Fleetwood,1
"snow,",1
wrath,1
animosity;,1
either,1
dearly,1
"""Why?""",1
Chantal,1
"executed,",1
sentences.),1
"Vazquez,",1
Code,1
videotape,1
"Amber,",1
"Brother-in-law,",1
Carma,1
remain:,1
"Sabrina,",1
grab,1
ahead?,1
Spade,1
hung,1
"Probably,",1
spun,1
ect...,1
gurney,1
"2,",1
Always,1
16+,1
(some,1
(formely,1
FOR,1
spite,1
"Robin,",1
"Campbell,",1
Alyssa,1
confidence,1
support;,1
Josh,1
Cuba,1
indictment,1
"–Eden,",1
love;,1
lasting,1
Mom.),1
Tommy.,1
Toby,1
eat,1
away;,1
anyway,1
encourage,1
"listed),",1
"Ellis,",1
childish,1
20,1
countless,1
"Jermaine,",1
Willie,1
apologies,1
14th,1
Delia,1
Ready.,1
"Kerstin,",1
"time...oh,",1
TO,1
else's,1
Campo,1
"ended,",1
Murder.,1
abused.,1
(Mouthed,1
midst,1
Clark,1
Sunday.,1
yields,1
families:,1
Inna,1
Street,1
chaplain,1
science,1
awaken,1
you!!,1
"clean,",1
"Yaws,",1
morning's,1
"God,""",1
Um,1
atrocity.,1
Mommy,1
stop.,1
rolling.,1
Kindom's,1
"resounding,",1
28,1
deeds.,1
"vocabulary,",1
courage,1
forgive.As,1
tree.,1
punishment;,1
Kevin,1
anything;,1
"fail,",1
probation.,1
gracious.,1
witnesses.).,1
"streets,",1
"religion,",1
moment.,1
loyalty,1
victims.,1
respectively,1
Gabrielle,1
P.S.,1
Gus.,1
thankful.,1
debts,1
didn't.,1
(recites,1
Ronni,1
extending,1
"interviews,",1
Heaven:,1
slaughter.,1
"Shelby,",1
Larry,1
compensate,1
"cases,",1
cleanse,1
"Thanks,",1
continued,1
speakers,1
sea;,1
parties,1
believeth,1
Rangers.,1
faces.,1
instill,1
"continue,",1
"X,",1
needle.,1
thanked,1
"Tannie,",1
personnel.,1
Taking,1
defense...and,1
espiritu.,1
contacting,1
threw,1
McDougal,1
"Bass,",1
imagined.,1
Hilton.,1
admitted,1
"Danielle,",1
resolve,1
Iam,1
Send,1
Kelly,1
paid.,1
chose,1
Wilkerson(Written,1
portion,1
Grandma.,1
you.To,1
Hernandez,1
Clayton:,1
Peggy,1
destiny,1
on?,1
mean-hearted,1
prophesy,1
Lambert's,1
barbarity,1
attorneys.,1
causes,1
reflection,1
None,1
affection,1
"Baggett,",1
hopelessness.,1
"dignity,",1
"admit,",1
(A,1
Another,1
Kehler.,1
Brandon,1
Christianity,1
"Stephanie,",1
"dungeon,",1
rise,1
01/09/06),1
shortly.,1
earlier.,1
"Ollie,",1
Murder,1
profanity.],1
Leary,1
Chronicle.,1
Sunday,1
Barbados.,1
attend,1
"Hines,",1
hired,1
"didn't,",1
thugs?,1
Head-Williams,1
Yesterday,1
Amen!,1
Long,1
Donovan.,1
Call,1
knees.,1
Yoli.,1
erased,1
Surace,1
contact,1
Oralia,1
"endings,",1
"work,",1
suit,1
rehabilitation,1
"Gerard,",1
remunerator,1
less.,1
Don,1
300,1
roll.,1
quit,1
Vicente,1
understood,1
Dwight.,1
Bury,1
me.I,1
"avenged,",1
somebody.,1
"American,",1
testifying,1
ocean,1
"least,",1
enjoied,1
"Sir,",1
protested,1
"security,",1
diarmed,1
softened,1
"unrighteousness,",1
"members,",1
weep.,1
"rights,",1
knows.,1
(Offender's,1
"Moreno,",1
years:,1
Terrella.,1
listening.,1
terrfying,1
Void.,1
check,1
Rosalyn.,1
using,1
"27th,",1
Chester,1
belongs,1
possess,1
overseas,1
released.,1
"demonstrate,",1
do!,1
"warrior,",1
"Deena,",1
"Nashtat,",1
sir...,1
breath,1
Shannon,1
Kim,1
Sylvia,1
"Deidra,",1
defended,1
numbers,1
"desire,",1
service,1
returned,1
aunts,1
torn,1
available,1
prepare,1
"bug,",1
"Yet,",1
pants,1
conspiracy,1
"alone,",1
woe,1
Live,1
witness:,1
anything?,1
high-priced,1
cut,1
"Prechtl,",1
earlier,1
Hawkins,1
"Donna,",1
abide,1
admit,1
monsters,1
"reality,",1
consolation.,1
darkness,1
"Truth,",1
rule,1
Papa,1
price.,1
god,1
Douglas,1
ends.,1
worries.,1
"cousins,",1
confusion,1
Peterson's,1
Chad.,1
truely,1
sequence,1
"Sheena,",1
years.I,1
"think,",1
endures,1
woman's,1
"Blackie,",1
"church,",1
dude.,1
try.,1
lifted,1
doctors,1
Preach,1
guidance,1
IS,1
asleep,1
"[unintelligible],",1
victims?,1
except,1
"leg,",1
sincere.,1
Simmons,1
Pam,1
souls,1
eliminate,1
"Ironic,",1
changes,1
irreversible.,1
Calvary,1
Doctor's,1
performing,1
6:23:,1
"breath,",1
"circumstances,",1
mess,1
theirs.,1
39,1
Hello,1
"Ronnie,",1
Muhammad,1
revenge.,1
sort.,1
"down,",1
"Kristy,",1
"Grandmother,",1
verbal,1
Talk,1
maker.,1
sanctions,1
separate,1
"T.T.,",1
promised,1
"Sheri,",1
understood.),1
"Dell,",1
dignity,1
ashamed,1
mishap,1
somewhere.,1
drawn,1
Farris.,1
solidarity.,1
"paid,",1
dogs.,1
serve,1
unnecessary,1
Peg,1
"Ailsa,",1
comfort.,1
nighty,1
Almighty!,1
Hollbrook,1
secure,1
"nephew,",1
Olga.,1
Brian's,1
nephew,1
French).,1
"mourn,",1
Amezcua,1
"witness,",1
Examiner.,1
R.J.,1
"Bryant,",1
tooth,1
Its,1
enjoyed,1
officers.,1
stake.,1
Uhl,1
daughter:,1
"Yolanda,",1
Eyes,1
Junie,1
"Daddy,",1
beer,1
"Mia,",1
Adios.,1
inflict,1
different.,1
sided.,1
"praise,",1
marked,1
excellent,1
(High,1
5,1
O'Bryan,1
Secondly,1
Santajaib,1
"this.Baby,",1
aka,1
manner.,1
all.),1
victory.,1
claims,1
Dad,1
Whiteside.,1
existent,1
individually.,1
end;,1
know?,1
tables,1
months.,1
crack,1
"Knight,",1
"Randy,",1
grandmother.,1
Luther,1
Salaamu!,1
children),1
todo.,1
me...You,1
entered,1
uplifting,1
disappointment.,1
Corpus,1
revolutionary,1
Julia,1
personally,1
humanity,1
"comfort,",1
inhumane,1
wished,1
"""There's",1
Patsy,1
"Diana,",1
"Dixie,",1
infamous,1
"seele,",1
story,1
Rosales,1
repay,1
Angela,1
closed,1
sense,1
"""Be",1
one?,1
"sing,",1
Aleda,1
"dog,",1
keeps,1
grand-babies,1
"Vincent,",1
dropping,1
Family,1
justifies,1
grudges.,1
"loss,",1
consider,1
inexcusable,1
Gray,1
Shane,1
Sandra,1
Pastors,1
driving,1
Powell,1
holding,1
"positive,",1
Evelyn,1
It.,1
privilege,1
murderers.,1
li-Allah,1
worthwhile.,1
Saint,1
held,1
certain,1
himself....Thank,1
breed,1
"Stefanie,",1
nervous,1
Jess,1
a…,1
"R.J.,",1
re-doctor,1
needle,1
conscience.,1
Extend,1
story.,1
Signed,1
sorrow.,1
hospitality.,1
willing,1
exonerated.,1
Chops.,1
beings,1
helper,1
"how,",1
tongues),1
about:,1
fabrication,1
understanding,1
sweet.,1
forget.,1
respected,1
mouth,1
overcame,1
(My,1
waters,1
"unconditional,",1
Rita,1
awesome,1
yet.,1
Gomorrah,1
"feels,",1
sacrifice,1
healing.,1
couldn't.,1
"Joe.Marjo,",1
schone,1
tonight.To,1
everlasting.,1
Rebecca's,1
pursuing,1
"and,",1
stopped.,1
‘em.,1
"DEA,",1
wretched,1
loving.,1
load.,1
Kathryn,1
slick,1
Office.,1
Early,1
"lie,",1
"Nanny,",1
citizens,1
respect;,1
"penitentiary,",1
slate,1
make.,1
Ford:,1
85.,1
individual,1
veterans,1
trip.,1
"Louis,",1
#903,1
"heinous,",1
terms,1
gifts,1
talking.,1
"yes,",1
overlooks,1
sat,1
"grandson,",1
(Thanked,1
letter?,1
York,1
came.,1
worth.,1
oath,1
picked,1
suicide.,1
"you.Warden,",1
"Dorothy,",1
see?,1
dealt,1
Chantal.,1
lion,1
"from,",1
Audrey's,1
Trix,1
"Judge,",1
rescued,1
"incarcerated,",1
Leo?,1
total.,1
Kyle,1
anybody's,1
reason.,1
perfect,1
fired.,1
negative,1
Wendy's,1
tells,1
rain.,1
too!!!,1
eyes.,1
"Specifically,",1
fullest.,1
"road.""",1
embraced,1
murders.,1
hinder,1
despicable,1
"Titus,",1
pile,1
calmed,1
"Gary,",1
documents,1
Community,1
commence,1
dance,1
Coming,1
institutions,1
Kaye.,1
falling,1
Moreno,1
profanity,1
Lynn,1
fabricated,1
fellowship.,1
Alan,1
judge.,1
"remorseful,",1
grow,1
"office,",1
claimed,1
"kind,",1
glory.,1
monster.,1
street.,1
12:31B,1
"case,",1
otherwise.,1
Spanish):,1
slave.,1
remunerator?,1
"ground,",1
fine;,1
"Christopher,",1
Understand,1
key,1
Write,1
solace.,1
victorious.,1
me.Linda,1
holiness,1
Raiders,1
"upset,",1
Javier,1
hunger.,1
wa-inna,1
mysteries,1
"me,""",1
Sherrod,1
prophecy,1
"Almighty,",1
Helgren,1
"Herrington,",1
courts,1
imprisoned,1
because.......(end,1
Lords,1
together;,1
won't.,1
Diego.,1
himself!,1
"butt,",1
course,1
seeking,1
satisfied.,1
listened,1
Dean's,1
too!,1
shoes.,1
Shonna,1
"physical,",1
"bassinet,",1
zero.,1
alleged,1
Veronica's,1
late,1
hand.,1
poor:,1
separates,1
"meet,",1
Beatitudes:,1
13:13,1
Hope,1
Wet,1
"won't,",1
war.,1
soldier.,1
faking.,1
faced,1
next.,1
"Neal,",1
"forgotten,",1
worthy,1
wishes,1
Wynona,1
"Otis,",1
Ji.,1
"West,",1
(talked,1
"Celia,",1
Chiquita.,1
process.,1
Victory,1
tongues,1
reproach,1
England.,1
Brigitta.,1
illness.,1
pleasure,1
excuse,1
person's,1
cab,1
California.,1
entire,1
Words,1
"Terella,",1
"""inmate""",1
suppose,1
pact,1
stars,1
discontinue,1
Mitchell.,1
five,1
Guido,1
Okay.,1
LONG,1
press.,1
youngsters.,1
"Darrian,",1
rest.,1
Isabel,1
fake,1
madness,1
Grandbabies,1
terrible,1
aside.,1
Chaplains,1
"Baisey,",1
avenge,1
"both,",1
will;,1
recognize,1
Psalm,1
offense.I,1
door.,1
conference,1
solace;,1
Court,1
(began,1
Dyson,1
meal,1
"David,",1
Blackwell,1
angelic,1
moon,1
Ashworth,1
Cullen,1
alot,1
thousands,1
unwavering,1
tact,1
glints,1
[have],1
swore,1
"ask,",1
Appreciate,1
Big,1
Got,1
Francis,1
parts,1
Circuit,1
"gurney,",1
closet.,1
Nuncio.,1
Sir,1
"Fred,",1
chains,1
conflict,1
"Hurley,",1
"Jagger,",1
"Ann,",1
moral,1
"arrogant,",1
based,1
Receive,1
shoot.,1
need.,1
struggle.,1
pubic,1
"close,",1
Laura.,1
"stop,",1
"CPR,",1
career,1
"Alaikum,",1
complaints,1
awe,1
beating,1
"moment,",1
switch,1
Discontinue;,1
absolutely,1
failing,1
closure!,1
"Tina,",1
dealing,1
"Pinkerton,",1
the...(Offender,1
bickering.,1
quiet,1
moan,1
Grandfather.,1
"educated,",1
age,1
praises,1
"""he",1
Robert;,1
disrespect,1
"Officers,",1
"Justin,",1
Gabby.,1
Oum,1
results,1
trust.,1
he?,1
nourish,1
goodness.,1
waste,1
clemency,1
"Kami,",1
thanks.,1
Alicia,1
aren't,1
"servant,",1
"""Hi,",1
Check,1
hadn't,1
ways.,1
district,1
"Bethrie,",1
angry.,1
"mountains,",1
"And,",1
"Jaime,",1
respected.,1
Trust,1
list,1
Cleve,1
Donna.,1
goes:Tell,1
Mexico…(Spanish).,1
engaged,1
Cindy,1
publicly,1
tore,1
GOD's,1
River.,1
"Alright,",1
them...and,1
"Powell,",1
carried,1
(name,1
"Levin,",1
prepared,1
"Anitra,",1
"video,",1
fixin',1
examiner,1
bedroom,1
paint,1
extended,1
"Fran,",1
crucified,1
sister's,1
"said),",1
Cardenas,1
Debbie,1
ALRIGHT,1
excuses,1
"Heaven?""",1
stay.,1
"Again,",1
"fo',",1
"methamphetamine,",1
David's,1
Bianca,1
"impossible,",1
small,1
know.I,1
matter.,1
o.k.,1
"Bea,",1
"Juana,",1
Merciful,1
peace.I,1
"Connie,",1
comment,1
"""No.""",1
this:,1
stretcher.,1
"Lambert,",1
Luke's,1
Segal,1
"hatred,",1
He'll,1
Kathy.,1
six,1
"dead,",1
(Take,1
2000,1
"Megan,",1
"necessary,",1
trial's,1
Thimm,1
Dixie,1
Muhammd.,1
"flow,",1
Living,1
dancing,1
felonies.,1
(Mumbled.),1
Kate,1
reserve,1
front?,1
heros,1
repent,1
"Slope,",1
"promises,",1
Kinslow,1
Sanchez's,1
"us,",1
office,1
"Suzy,",1
"Dee,",1
Chicken,1
departure,1
timers.,1
fails;,1
facetious.,1
"Chuckie,",1
"angels,",1
Nama,1
count,1
Tim,1
consequences,1
35,1
Mohammed,1
evidently,1
"weeks,",1
nature.,1
Selso,1
"Debbie,",1
wanting,1
famly.,1
"strife,",1
guaranteed,1
"waters,",1
Conna.,1
me...and,1
(The,1
non-caring,1
Gilbert,1
bed,1
recited,1
"Greer,",1
sell,1
regretted,1
path.,1
fro,1
again…..This,1
desperately,1
Everett,1
(names,1
Think,1
overplayed,1
Wilcox.,1
deeply.,1
require,1
hospitality,1
immediate,1
Catholic,1
Jay...I,1
Believe,1
"forgave,",1
trespassed,1
Wesley,1
governs,1
defeats,1
Hewitt.,1
front,1
(quiet,1
appearance,1
staff,1
Dwyer's,1
animosity.,1
"Pa,",1
opportunity.,1
exposed,1
leader's,1
glorious,1
"Cory,",1
proving,1
Carrie,1
injection,1
Brad,1
permission.,1
Maurie,1
deaky,1
witches,1
"Charlton,",1
8½,1
acts,1
"appeals,",1
asthma,1
"Cynthia,",1
lucky,1
raised.,1
clean,1
Paulette,1
"hate,",1
win,1
Amanda.,1
Two,1
"Buster,",1
Roland.,1
"much,",1
Jean.,1
pray.,1
Shepherd.,1
lent,1
"Khristopher,",1
Sylvia.,1
"Sammie,",1
salvation.,1
Jackson,1
"Victor,",1
"Jackson,",1
"media,",1
gifts:,1
pin,1
"sisters,",1
B.,1
obscure,1
diamond,1
joke.,1
river.,1
good!,1
legal,1
brother...,1
Crain,1
daughters.,1
purpose.,1
"efforts,",1
"Way,",1
where's,1
gates,1
"me.""",1
Vick,1
mother?,1
THE,1
"Noel,",1
like...it,1
knowingly,1
recite,1
high,1
Mario's,1
physically.,1
whosoever,1
famous,1
bump.,1
Kay,1
right.To,1
speech.,1
donating,1
heroin,1
Armando,1
Murderer.,1
Jesse,1
Dee,1
"deceased,",1
knives,1
Pammy,1
Daddy.,1
Martin,1
"sick,",1
3:25:,1
bitches.,1
"unjustly,",1
"Adios,",1
indignity,1
Kaneisha,1
Hanon,1
chamber.,1
"hopes,",1
murder/lynching,1
praying.),1
around.,1
supremacy,1
"hush,",1
"However,",1
Push,1
"motion,",1
celebration,1
Rodney,1
agreeing,1
choice;,1
T.V.,1
beginnings.,1
daddy.,1
invoke,1
"Roger,",1
drop,1
"price,",1
go:,1
"Anderson,",1
"Adams,",1
"""Goodbye.""",1
becoming,1
dreams,1
"Mija,",1
joy:,1
separation,1
"joke,",1
unit,1
countries,1
helping.,1
community,1
specially,1
fantasy,1
"Ok,",1
Unto,1
laws,1
Garza,1
justice!,1
"Rangers,",1
ol',1
search,1
Winnie,1
happended,1
dad's,1
tribe.,1
birthdays.,1
squashed.,1
issue,1
love.To,1
serves,1
gold.,1
"Roseanne,",1
responded,1
Tilling,1
Whatever,1
here.),1
boys.,1
Angel,1
offered,1
watches,1
Observer,1
arguments,1
friends!,1
Michelle,1
"aid,",1
wanted.,1
judges,1
[Portion,1
Iris,1
"misled,",1
Word.,1
filed,1
[expletive,1
powerful,1
"behold,",1
attitude,1
"feet,",1
"Germany,",1
kind.,1
Kinnamon,1
Virginia.,1
prays,1
Iran,1
Marta,1
candle,1
result,1
13:,1
think.,1
appear,1
methadone.,1
pictures,1
Bella,1
premeditation,1
life.Richard,1
Levin's,1
"Hazelwood,",1
rajiun.,1
Jennifer,1
"proxy,",1
terrifying.,1
"Love,",1
talk.,1
speeches.,1
easy.,1
Tali.,1
T.D.C.,1
Thee;,1
speaking,1
intend,1
frustration,1
Birthday,1
photo,1
"saying,",1
document,1
"Schaeffer,",1
dreamed,1
drawing,1
finds,1
responsibility.To,1
"Buntion,",1
"parties,",1
"sheet,",1
Johnson,1
"English,",1
"Claudia,",1
funeral.,1
Due,1
mistakes:,1
acceptance.God,1
rectify,1
"sinner,",1
fulfill,1
moment?,1
"31,",1
Wright,1
"Walsh...Sylvia,",1
"Bruce,",1
clanging,1
"another,",1
Approximately,1
knock,1
"trusts,",1
UNrestrained!,1
Stefanie.,1
"CHRIST,",1
"Mandy,",1
"place,",1
"hard,",1
Adela,1
"confessed,",1
"does,",1
(aviation,1
Charlotte,1
Earl,1
wrong!,1
poet,1
arguments.,1
ich,1
mucho,1
encouragement,1
Each,1
unconditional,1
manner,1
Rejoice,1
my...country.,1
assigned,1
schools,1
"Maggie,",1
Prison,1
(Sanders),1
"report,",1
investigators,1
flow,1
"deception,",1
picture,1
"Charlotte,",1
"yet,",1
verse,1
representing,1
soiling,1
murders,1
discriminates,1
"Debra,",1
weren't,1
Prosecutor,1
quote,1
absurdity,1
"perfect,",1
Hayden,1
conscience,1
"ye,",1
Mason,1
Prophet,1
parole,1
revealed,1
"Annette,",1
okay,1
June,1
planet,1
Media:),1
"destiny,",1
4-8:,1
Charles,1
just...(speaking,1
Patel,1
birds,1
liberation.,1
Tiffany.,1
staff.,1
"""AKA",1
Babcock,1
harmed,1
"spirit,",1
(mumbling),1
brutality,1
hears,1
counsel,1
"D.J.,",1
Certainly,1
Ireland.,1
perfection,1
temple,1
Sularus,1
Koslow.,1
traveled,1
"company,",1
pulled,1
"Smile,",1
Brad.,1
"do.Bernard,",1
atrocity,1
led,1
performed.,1
self-defense,1
Leslie.,1
ALL-WHITE,1
(Last,1
part.,1
shame,1
here;,1
liberate,1
Forest,1
shows,1
Steal,1
desire,1
"fault,",1
Todeschini,1
fabricated.,1
Feldman.,1
"Levi,",1
mid-sentence.),1
patterns,1
"Miriam,",1
arguing,1
Tito,1
persuade,1
leaders.,1
informant,1
professed,1
crime;,1
tapes.,1
"Devin,",1
Farren:,1
doodle,1
thirteen-year-old,1
"Inmate""Sometime",1
mighty.,1
straight,1
drive,1
law.Hang,1
"Don,",1
say;,1
speed.,1
universe.,1
"ass.""",1
grief.,1
regards.,1
"Cort,",1
"Guido,",1
Kings.,1
"Schwarzenegger,",1
honored,1
south.,1
positive.,1
threat,1
"declare,",1
wishing,1
lamb.,1
"Johnny,",1
'll,1
JESUS,1
"tight,",1
you?,1
places.,1
purely,1
"suffer,",1
"thanks,",1
Gladys,1
finish,1
Leo;,1
"happiness,",1
"Alison,",1
stupidity.,1
Wanda,1
Ieisha.,1
Kuley,1
"compromise,",1
vocabulary,1
"Tolson,",1
screwed,1
undying,1
"""let's",1
swift,1
ambitions,1
"Elijah,",1
trade,1
personally.,1
rallied,1
"Mandela,",1
Set,1
lucky.I,1
Precious,1
enable,1
"Lawrence,",1
Varghese,1
nectar,1
cheap.,1
unprovoked,1
"Brian,",1
por,1
Though,1
decision,1
trunk,1
Young,1
shineth,1
IT'S,1
being.,1
"disciples,",1
dirty,1
are:,1
Brazzil,1
truth;,1
reasoned,1
O'Brien.,1
Statement,1
endlessly.,1
sinners.,1
"detes,",1
counts.,1
punishment.,1
build,1
1.7,1
finally,1
president.,1
Chris?,1
"25,",1
hire,1
"behalf,",1
grow.,1
"bye,",1
Reeves,1
pop.,1
DO,1
temporary,1
Happy,1
"Eric,",1
"Whiteside,",1
Canfield,1
–To,1
12:19,1
recent,1
"then,",1
"hope,",1
(unknown,1
guarantee,1
paradise,1
weigh,1
Where's,1
rage,1
proceeding,1
sound,1
99:8,1
Fielder,1
Terrell,1
Jorge,1
patient,1
"sad,",1
Laura,1
Shy,1
twelve,1
grumah.,1
Hancock,1
rich!,1
"song,",1
prophet.,1
regretful,1
"youngster,",1
"courage,",1
princess.,1
wedding.,1
"hand,",1
Elizabeth,1
medical,1
Burdge.,1
sunlight,1
people.Hopefully,1
conspiracy.,1
you.....(crying),1
judgments,1
almighty.,1
professionalism,1
dispose,1
crime.I,1
settle,1
lady.,1
mercy!,1
stepping,1
liele,1
transition,1
teleport.,1
Elliot,1
reputation,1
TRUE,1
boy.,1
affect,1
lord,1
endure,1
woman.,1
alcoholic.,1
circled,1
Lock,1
mankind.,1
Celeste:,1
prayers,1
merit.,1
fake.,1
proclaim,1
amount,1
cycle,1
"hero,",1
doing?,1
all…,1
"Helen,",1
light.,1
tomorrow.,1
gracious,1
chief.,1
bothering,1
Veterinary,1
"miraculous,",1
eternity.,1
deter,1
restraints.,1
warrior,1
miracle,1
Sharon,1
clown,1
Saddam,1
devastating,1
anywhere,1
dreaming,1
(Verbal:),1
Consul,1
assistance,1
choices.,1
"always,",1
Ward.,1
sing,1
choke,1
memories,1
Director,1
"fire,",1
throat.,1
genuine,1
enlightenment.,1
sin.,1
period,1
suspended,1
"truck,",1
seemed,1
east,1
Irish,1
Harrison,1
J.,1
symptom,1
Tomas,1
Wayne,1
"client,",1
OF,1
"phone,",1
Ronnie,1
injure,1
era,1
Islamic,1
volunteered,1
today!,1
didmau.,1
'75,1
faults,1
(There,1
wishes.,1
mentally,1
institution,1
Patty,1
legendary,1
"Yahweh,",1
"ever,",1
purposely,1
begotten,1
cancellation,1
proceeds,1
1993.,1
introduced,1
"waiting,",1
Raise,1
Man's,1
truthfully.,1
Howdy.,1
foundations,1
courtroom.,1
shirt,1
resolved.,1
anything.(I,1
resounding,1
Attorney's,1
sehm!,1
180,1
peanut.,1
Humphrey,1
Ramiro,1
king,1
members.,1
"partners,",1
Too,1
Boocub.,1
February,1
Ready?,1
hi,1
"daughter,,,",1
resistance.,1
it;,1
JURY,1
expressing,1
Menic,1
"babies,",1
(Profanity,1
"""What",1
Rebecca.,1
Anil,1
"room,",1
slumber,1
Margie,1
solitary,1
"Scooter,",1
Megan,1
do;,1
St.,1
Joseph,1
"protects,",1
wearing,1
younger,1
sees,1
Ashanti,1
"Shepherd,",1
warm,1
Eastham,1
nephews,1
popsicle,1
"Nutt,",1
Camille,1
Ros,1
"""KILLING",1
Tiffany,1
unrighteousness.,1
"later,",1
"cowboys?""",1
tires,1
"CCA,",1
pressed,1
homesick,1
friend;,1
"Times,",1
planting,1
signed,1
witnessed,1
lovel,1
Daffy,1
fo',1
ending,1
"Chimurenga,",1
prizessin.,1
Peace.,1
why.,1
feel.,1
dich,1
"consciousness,",1
crotch,1
Club,1
describe,1
denial,1
met.,1
while.,1
"negative,",1
shower.,1
Virginia,1
A.,1
"mistake,",1
instrumental.,1
Jesus',1
shackles,1
acknowledging,1
gracias,1
Smaillii,1
emotions,1
injustices,1
(German:),1
race.,1
card,1
mentoring,1
(When,1
forefathers.,1
passed.,1
"boast,",1
"closing,",1
Lynn.,1
lips.,1
advanced,1
Calling,1
(mumbles…Mo-B).,1
Cassandra.,1
(several,1
…guys,1
arm,1
simply,1
McCarthy.,1
10th,1
"Jay,",1
Siff.,1
everlasting,1
(Some,1
sincerest,1
"enemies,",1
yard.,1
"through,",1
"Harold,",1
Christians.,1
Jess.I,1
decir,1
whenever,1
Nora,1
T-ball.,1
herb,1
heal,1
boycott,1
Michelle.,1
diminished.,1
"person,",1
release.,1
guy,1
Church.,1
feeling,1
"System,",1
"court,",1
Where,1
confinement,1
House,1
"rude,",1
1998.,1
capable,1
Scott.,1
ones',1
Globe,1
"real,",1
"Central,",1
husband.,1
fear:,1
justify,1
tie,1
remembering,1
laugh.,1
(None.,1
"""Y'all",1
Danielle,1
"Ochente,",1
"Mary's,",1
Save,1
System,1
family),1
stops,1
"rapes,",1
heart;,1
funeral,1
son;,1
you.),1
"Duck""",1
cease;,1
humanity;,1
doctor.,1
Kathy's,1
"Bruno,",1
invited,1
ticking,1
"sun,",1
Peace,1
hun.,1
self-destruct.,1
"Ricky,",1
Ready,1
affecting,1
malicious,1
Maria,1
at?,1
showered,1
Jefe,1
"Hilton,",1
hef.,1
that!,1
add,1
grudges,1
leap,1
somewhere,1
stuff;,1
zero,1
Mercedes.,1
easier.,1
"Manon,",1
beatitudes,1
Disrespect.,1
Approach,1
"Next,",1
"Kevin,",1
"should,",1
favor,1
yellow,1
takes.,1
pop,1
sympathy,1
Steinfeldt,1
Rock.,1
ATW.,1
12,1
side.That's,1
sinned,1
witness.,1
"McHenry,",1
"Honey,",1
Brandy,1
"basis,",1
"only,",1
"line,",1
endeavor,1
ordeal.,1
replace,1
Mankind,1
embargo,1
hide,1
Bubba,1
muchas,1
pressure,1
soul.I,1
yet?,1
Someday,1
"Bill,",1
road.,1
"weep,",1
Vick.,1
give.,1
"ideals,",1
resident,1
purpose,1
unfortunate,1
comforted.,1
"Bilodeau,",1
surgery,1
"word,",1
ya'll.I,1
gladly.,1
Debbie.,1
"wanted,",1
"Cheri,",1
"Art,",1
visit,1
diligence.,1
you.(In,1
"""C""",1
groups,1
comments,1
Standing,1
Now!,1
fingers.,1
speaks,1
request,1
3,1
"exist,",1
obtain,1
masters,1
Blow,1
"Cindy,",1
already.,1
"Adam,",1
highest,1
Timothy,1
Malcom,1
"potential,",1
control.,1
"Charles,",1
walking,1
unintentional,1
easier,1
proceed.,1
"Amy,",1
bears,1
"Dad.""",1
"Doris,",1
Anna:,1
"victorious,",1
recites,1
Jesus.Sweet,1
"""Who",1
"Lorna,",1
Gaylene,1
uh,1
"third,",1
Colleen.,1
trooper.,1
OK,1
me...,1
"Byers,",1
hanging,1
nation.,1
mirror;,1
"journey,",1
"behind,",1
herz,1
"Slayton,",1
"Crouch,",1
sposmosa,1
hurry.,1
"Laurie,",1
"background,",1
contaminate,1
genuinely,1
(Chaplain,1
head.,1
simple,1
Rich.,1
court-appointed,1
vein.,1
Almighty.,1
arrested,1
"Mason,",1
disciple,1
Ron,1
(NIV),1
lasted,1
nephews.,1
T.,1
nurse,1
win?,1
lynching.,1
burn,1
"gun,",1
passed,1
Patricia,1
gently.,1
attorney's,1
Maker,1
"tresspasses,",1
once.,1
Miguel.,1
accident...,1
"envy,",1
cover-up.,1
matched,1
Jane.,1
criminal,1
"friend,",1
"caused,",1
gentle,1
Lopez,1
burned,1
"sided,",1
drugs?,1
Switzerland,1
mindful,1
"Uncle,",1
double,1
Glory,1
plane,1
century.,1
problems.,1
betrayed,1
Association,1
Hodges,1
strapped,1
in;,1
Damien,1
write.,1
God.),1
just;,1
11?,1
"""...is",1
"emotions,",1
families.,1
Walls,1
SIDES.,1
Release,1
"Tracey,",1
failed,1
Worth,1
you!,1
"worries,",1
shorten,1
"Lundy,",1
Gaines.,1
missed,1
Federal,1
AsSalaam,1
"(dad),",1
Brothers.,1
packed,1
Louis.,1
hearing,1
Amazing,1
"Chaplain,",1
(After,1
businesses,1
Shawn.,1
world:,1
tests,1
AS,1
(Mumbled,1
rip.,1
babies,1
diaper.,1
"that's,",1
crushed,1
wondering,1
fail,1
satisfaction.,1
assure,1
judgment.,1
"Virginia,",1
floor,1
bigger,1
Salvation.,1
Est,1
transformed,1
Shorty.,1
island,1
important.,1
Becca.,1
Catharina,1
pounds,1
tight.,1
clear),1
"Never,",1
"Goodnight,",1
Town,1
full!,1
unfair,1
"arrival,",1
Emmanuel,1
happy;,1
misguided,1
frustration.,1
Glass,1
transcripts,1
alive.Give,1
ilayhi,1
Bo,1
Fredericks.,1
"Pat,",1
sadness,1
physical,1
ones.I,1
wings,1
"Collier,",1
Strength,1
wanting.,1
suicide,1
Kehler,1
"yall,",1
"Ready,",1
protection,1
"guess,",1
"you""",1
ancient,1
filled.,1
softly,1
Sheila,1
mansion,1
"Sis,",1
"Margherita,",1
need.And,1
Stacy.,1
"lynching,",1
Cutler.,1
"smiling,",1
record.,1
hot,1
lived.,1
everytime,1
me.All,1
him;,1
cross,1
Last,1
Amber,1
can.I,1
"Rachel,",1
grieved,1
Ball,1
(English:),1
revenge!,1
living,1
travesties.,1
getting.,1
"Perkins,",1
sing.,1
prize,1
Galloway,1
diamonds,1
anticipation,1
event.,1
occasion's,1
Aubrey,1
caught,1
conversion,1
"Baby,",1
Dell.,1
Cannon,1
jury,1
"Ron,",1
shore,1
"genocide,",1
"sky,",1
me...it,1
"Hours.""",1
devoted.,1
sharing,1
unite,1
"resurrected,",1
staff.),1
isolated,1
stabbed,1
wet,1
wrong;,1
Collins,1
learning,1
"too."")",1
"them.""",1
runneth.,1
"true,",1
American.,1
sets,1
"Iraq,",1
"Carl,",1
Amy,1
Thomas.,1
lovely,1
guides,1
"prophecies,",1
death-rows,1
deceased,1
Elroy,1
"Nesha,",1
writing,1
crazy,1
Everybody's,1
"Daughter,",1
refused,1
Wilcox,1
car;,1
Harold,1
known.And,1
Steven,1
word.,1
Ruiz,1
"more,",1
"""turn",1
todos.,1
separated,1
Milo,1
create,1
up...,1
eternity,1
Pat,1
"Luise,",1
arresting,1
grass,1
bitter.,1
shut,1
"ahead,",1
straight.,1
"visits,",1
Mom.Robert,1
"stings,",1
"Dwight,",1
Leon,1
little.,1
Patrick,1
pending,1
kinda,1
Killing,1
"Owen,",1
gang,1
sinners,1
"flames,",1
headphones,1
Pork,1
19.83,1
cousins,1
total,1
"King,",1
5-10,1
Their,1
Can't,1
golden,1
Danalyn,1
"bro,",1
looked,1
"back.""",1
retarded,1
Saying,1
greatly.,1
"TDC,",1
fair;,1
blind.,1
Darlie,1
control,1
reality,1
illegal,1
"jealous,",1
"Therefore,",1
respectful,1
profanity],1
Ana,1
"Rodney,",1
Gabriel's,1
judgement,1
Wardens,1
dies.,1
outlining,1
arms.Jesus,1
value,1
walls,1
"want,",1
started,1
"mayor,",1
earlier;,1
listening,1
"Felicia,",1
struggling,1
deals,1
heartache,1
"Irish,",1
cymbal.,1
"""sun,""",1
condition.,1
deadline,1
you...always.,1
"shout,",1
Verbal,1
Above,1
butterfly.,1
Trial,1
stone.,1
Chapter,1
maximum,1
intention,1
"night,",1
ass.,1
Cowboy,1
"already,",1
"You,",1
worrying,1
"flight,",1
faking,1
2005.,1
"""You",1
Bro.,1
cold-hearted,1
"seem,",1
revolution.,1
burning.,1
"Christina,",1
Auntie.,1
2008.,1
dealers.,1
Protect,1
Dana……Yes.,1
winthin,1
disappears.,1
meaning,1
FATHER,1
hear.,1
"pleasure,",1
step,1
"babe,",1
"courtroom,",1
investigators.,1
die...,1
Prayer),1
often,1
almost,1
"Reed,",1
wings.,1
HEAVEN,1
sentences,1
imperfections.,1
leaders,1
drove,1
prosecutors,1
Beth,1
anti-terrorism,1
chances,1
"revolutionary,",1
Arnold,1
"Angel,",1
supreme,1
"fully,",1
ancestors,1
Us,1
"Price,",1
Goodbye.I,1
y,1
Put,1
Walter,1
feelings.,1
Shepherd;,1
minister,1
Luna,1
"refund,",1
(cough).,1
(mumbled),1
"13,",1
"sister-in-law,",1
"Orlando,",1
"killing,",1
"laws,",1
Judge,1
Bounce,1
"Abel,",1
caring.,1
"pain.Sister,",1
rob,1
"surgery,",1
Winn),1
unknown),1
Du,1
left!,1
Marino's,1
Sonny,1
do.If,1
rose.,1
member's,1
noticed,1
"Sylvia,",1
"over,",1
delight,1
ass,1
"roll"".",1
sides.,1
Thirteen,1
Life).,1
"staff,",1
"life""",1
"Charlie,",1
"Also,",1
Clinton,1
driver;,1
DID,1
blessings.,1
themselves:,1
Quit,1
mothers.,1
questions.,1
(Verbal,1
"saddened,",1
familia.,1
miscarriage,1
Kick,1
"Melanie,",1
Sir.,1
lonesome,1
violence,1
"overcome,",1
"filed,",1
HEAVENLY,1
"Dutton,",1
cigarette,1
goes.,1
lessons,1
hip-hop,1
ashamed.,1
"US,",1
"situation,",1
"Tim,",1
Lee,1
"for,",1
felony,1
"Tonight,",1
Respect,1
(not,1
exist.,1
dwells,1
"smile,",1
rock.,1
statement:),1
Shout,1
warrior.,1
respond,1
Howard,1
5th,1
"tooth.""",1
pay.,1
fails.,1
cheated,1
Zena.,1
paper,1
Pampering,1
Tommy,1
Stacey,1
filing,1
girl,1
"fullest,",1
Israel.,1
injury,1
broken.,1
Penal,1
Remain,1
Minister,1
male,1
10:9:,1
numerous,1
lies.,1
Islamic.),1
"justice...Tonight,",1
sentiment,1
McBride,1
Caller,1
Dallas.,1
hurt.,1
Trinity,1
right?,1
Richie.,1
doors.,1
Newman,1
"forever,",1
Woods.,1
choosing,1
Linda,1
We've,1
fourteen,1
"Carrol,",1
"Jason,",1
"honor,",1
fruit,1
"""I'll",1
everywhere.,1
(Translation:,1
defenseless.,1
Mexico,1
18,1
Nam-myoho-renge-kyo!,1
reprieve,1
hear?,1
Lastly,1
blesses,1
Christi,1
Michael.,1
voices.,1
quarter,1
streets,1
Melodee.,1
clash,1
"Huntsville,",1
"Hernandez,",1
sweet,1
Edwin,1
Toes,1
County.,1
destroy,1
transpire,1
Wes,1
"must,",1
"salvation,",1
polygraph,1
free-world,1
fast.,1
"Jr.,",1
What's,1
1991,1
beings.,1
"""I've",1
Bryan,1
him.),1
Alabamos,1
unforgivesness,1
Craft,1
hunger,1
"saved,",1
plus,1
Lang,1
Gigi,1
option,1
message.,1
"merciful,",1
anticipated,1
fully,1
"Freedom,",1
